Date,LTP,% Change,High,Low,Open,Qty.,Turnover
2024-11-21,1645.0,0.85,1695.0,1610.0,1610.0,15912.0,26519035.6
2024-11-20,1631.2,-0.54,1650.0,1621.0,1640.0,4502.0,7360598.1
2024-11-19,1640.0,-2.44,1690.0,1640.0,1680.0,7344.0,12210838.6
2024-11-17,1681.0,1.27,1705.0,1666.0,1690.0,13875.0,23482924.1
2024-11-14,1660.0,1.53,1665.0,1612.0,1635.0,8267.0,13643087.2
2024-11-13,1635.0,0.0,1650.0,1610.1,1635.0,5588.0,9131867.9
2024-11-12,1635.0,-1.21,1670.0,1623.0,1623.0,4573.0,7508313.4
2024-11-11,1655.0,3.76,1700.1,1600.0,1600.0,12189.0,20151858.0
2024-11-10,1595.0,1.07,1612.6,1581.2,1581.2,5774.0,9225155.6
2024-11-06,1578.1,0.2,1595.0,1547.0,1547.0,2723.0,4307555.8
2024-11-05,1575.0,0.0,1606.0,1568.0,1575.0,3108.0,4939357.9
2024-10-30,1575.0,0.89,1580.0,1543.0,1562.0,3925.0,6161980.6
2024-10-29,1561.1,2.02,1581.0,1530.0,1530.0,4427.0,6910632.8
2024-10-28,1530.2,0.34,1545.0,1505.0,1506.0,3139.0,4804213.4
2024-10-27,1525.0,-0.65,1545.0,1520.0,1533.0,3788.0,5798851.8
2024-10-24,1535.0,0.07,1555.7,1511.0,1511.0,4179.0,6409604.5
2024-10-23,1534.0,-0.2,1567.7,1510.0,1567.7,2028.0,3121472.0
2024-10-22,1537.0,0.79,1550.0,1520.0,1540.0,2615.0,4000145.1
2024-10-21,1525.0,-2.62,1566.0,1515.0,1566.0,7134.0,10899100.7
2024-10-20,1566.0,-1.82,1590.0,1564.0,1570.0,6338.0,9969645.9
2024-10-17,1595.0,-0.31,1612.0,1595.0,1600.0,5170.0,8291415.0
2024-10-16,1600.0,0.95,1616.0,1585.0,1585.1,2635.0,4222036.6
2024-10-15,1585.0,0.96,1620.0,1570.1,1601.0,2725.0,4339533.7
2024-10-09,1570.0,1.36,1574.9,1524.0,1524.0,2250.0,3494935.4
2024-10-09,1570.0,1.36,1574.9,1524.0,1524.0,2250.0,3494935.4
2024-10-08,1549.0,-0.4,1586.0,1530.0,1586.0,2686.0,4154054.5
2024-10-07,1555.2,1.98,1586.0,1550.0,1555.0,4326.0,6768400.7
2024-10-06,1525.0,0.66,1544.0,1484.8,1515.0,3857.0,5910505.5
2024-10-02,1515.0,-1.62,1550.0,1510.0,1549.9,5447.0,8345015.4
2024-10-01,1540.0,4.91,1540.2,1470.6,1497.0,4932.0,7451388.7
2024-09-30,1467.9,1.37,1474.9,1425.0,1425.0,2724.0,3984011.4
2024-09-29,1448.0,-0.48,1460.0,1426.0,1426.0,6345.0,9139009.7
2024-09-26,1455.0,-0.74,1483.0,1445.0,1455.0,5444.0,7967068.8
2024-09-25,1465.9,2.51,1470.0,1403.0,1440.0,14213.0,20320805.2
2024-09-24,1430.0,-4.67,1530.0,1430.0,1500.0,13441.0,19625755.9
2024-09-23,1500.0,-3.41,1555.0,1500.0,1555.0,7093.0,10842863.7
2024-09-22,1553.0,-1.09,1600.0,1550.1,1595.0,6098.0,9614413.3
2024-09-18,1570.1,-1.87,1600.0,1570.0,1600.0,7256.0,11497197.0
2024-09-16,1600.0,-2.14,1667.7,1590.0,1667.7,8485.0,13611384.3
2024-09-15,1635.0,-0.61,1677.0,1610.0,1677.0,10682.0,17561986.9
2024-09-12,1645.0,1.42,1660.0,1620.1,1650.0,9168.0,15023987.2
2024-09-11,1622.0,-0.8,1667.7,1609.0,1667.7,11740.0,19197402.5
2024-09-10,1635.0,-0.67,1678.0,1630.0,1678.0,10727.0,17703971.6
2024-09-09,1646.0,-2.31,1692.0,1645.0,1685.0,10981.0,18252419.5
2024-09-08,1685.0,0.66,1744.0,1680.0,1707.0,20055.0,34474198.5
2024-09-05,1674.0,0.84,1706.0,1619.0,1650.0,13519.0,22535237.7
2024-09-04,1660.0,-1.66,1715.0,1646.4,1692.0,15090.0,25329132.4
2024-09-03,1688.0,-0.71,1750.0,1680.0,1730.0,10848.0,18533605.1
2024-09-02,1700.0,3.91,1700.0,1635.0,1651.0,9969.0,16664583.0
2024-09-01,1636.0,-1.74,1703.4,1635.0,1670.0,11323.0,18808915.6
2024-08-29,1665.0,-2.69,1710.0,1660.0,1710.0,12272.0,20533933.1
2024-08-28,1711.0,-1.69,1774.8,1700.0,1740.0,13144.0,22782093.6
2024-08-27,1740.5,-3.04,1830.9,1740.5,1830.9,24512.0,43477519.4
2024-08-25,1795.0,0.73,1855.0,1748.0,1800.0,35231.0,63342365.9
2024-08-22,1782.0,0.11,1799.9,1761.0,1780.0,16749.0,29739002.7
2024-08-21,1780.0,1.14,1832.0,1770.1,1795.2,19529.0,34877171.0
2024-08-18,1760.0,-1.01,1801.0,1740.0,1780.0,26421.0,46906760.8
2024-08-15,1778.0,-1.0,1831.9,1770.1,1831.9,23694.0,42302058.6
2024-08-14,1796.0,-2.39,1876.0,1786.0,1876.0,23792.0,43003641.1
2024-08-13,1840.0,-0.7,1920.0,1810.0,1890.0,24284.0,44968764.7
2024-08-12,1853.0,6.86,1899.0,1768.6,1768.6,37508.0,69679926.0
2024-08-11,1734.0,5.35,1737.0,1678.0,1678.0,33220.0,57094519.9
2024-08-08,1646.0,1.23,1680.0,1626.0,1626.0,20587.0,33980462.4
2024-08-07,1626.0,1.56,1630.0,1580.0,1601.0,22174.0,35803498.2
2024-08-06,1601.0,-3.26,1715.0,1601.0,1655.0,21803.0,35607192.4
2024-08-05,1655.0,-1.48,1699.9,1647.5,1682.0,16957.0,28105289.3
2024-08-01,1679.9,-0.66,1720.0,1666.0,1719.0,17646.0,29767032.0
2024-07-31,1691.0,0.65,1700.0,1650.0,1699.9,21032.0,35337155.2
2024-07-30,1680.0,-0.3,1705.0,1600.0,1684.9,22352.0,37084479.3
2024-07-29,1685.0,-3.71,1740.0,1680.0,1720.1,32745.0,55535290.4
2024-07-28,1749.9,1.92,1880.0,1650.0,1717.0,33523.0,57723383.0
2024-07-25,1717.0,9.99,1717.2,1552.0,1565.0,56291.0,93707139.8
2024-07-24,1561.1,-2.67,1620.0,1555.0,1600.0,18142.0,28712511.8
2024-07-23,1604.0,1.17,1614.8,1585.0,1586.0,21556.0,34465290.0
2024-07-22,1585.5,-0.97,1615.0,1551.0,1615.0,18017.0,28532168.1
2024-07-21,1601.0,2.04,1620.0,1561.0,1561.0,22291.0,35691462.2
2024-07-18,1569.0,4.59,1590.0,1505.0,1505.0,24341.0,37910971.8
2024-07-17,1500.1,1.22,1511.0,1490.0,1510.0,15323.0,23017941.1
2024-07-16,1482.0,1.16,1483.0,1455.0,1465.0,11669.0,17192031.4
2024-07-15,1465.0,-1.01,1500.0,1461.0,1500.0,10352.0,15228714.3
2024-07-14,1479.9,1.43,1547.3,1460.0,1488.1,11293.0,16734904.0
2024-07-11,1459.0,-0.96,1491.0,1451.0,1480.0,18207.0,26816913.3
2024-07-10,1473.2,0.56,1517.0,1451.0,1490.0,22558.0,33545339.7
2024-07-09,1465.0,2.16,1473.0,1416.2,1434.0,24122.0,35119289.4
2024-07-08,1434.0,3.91,1435.0,1370.0,1380.0,22647.0,31820690.2
2024-07-07,1380.0,3.37,1380.0,1328.0,1339.9,13644.0,18564585.2
2024-07-04,1335.0,0.91,1336.0,1323.0,1323.0,7752.0,10321864.5
2024-07-03,1323.0,-0.53,1330.0,1310.0,1320.0,5604.0,7406409.0
2024-07-02,1330.0,1.68,1400.0,1315.0,1334.1,4503.0,6033597.9
2024-07-01,1308.0,-0.15,1313.0,1295.0,1295.0,3104.0,4058375.3
2024-06-30,1310.0,-0.3,1325.0,1300.0,1314.0,6281.0,8239276.5
2024-06-27,1314.0,-0.76,1320.0,1309.3,1310.0,3155.0,4149231.5
2024-06-26,1324.0,-0.82,1348.0,1320.0,1333.0,5572.0,7461481.0
2024-06-25,1335.0,0.52,1340.0,1315.0,1315.0,4597.0,6124460.5
2024-06-24,1328.1,0.31,1340.0,1310.0,1310.0,5697.0,7574986.5
2024-06-23,1324.0,-0.9,1336.0,1311.0,1336.0,5675.0,7507655.5
2024-06-20,1336.0,0.45,1355.0,1323.0,1340.0,6914.0,9266366.7
2024-06-19,1330.0,-0.3,1358.0,1330.0,1358.0,6007.0,8046825.8
2024-06-18,1334.0,0.23,1340.0,1315.4,1316.0,6155.0,8178534.1
2024-06-16,1331.0,-0.89,1368.0,1331.0,1360.0,6218.0,8341010.8
2024-06-13,1343.0,-0.67,1370.0,1340.0,1360.0,6422.0,8665911.4
2024-06-12,1352.0,-0.22,1369.0,1340.1,1340.1,7632.0,10349631.0
2024-06-11,1355.0,1.48,1360.0,1334.0,1335.2,4587.0,6198499.0
2024-06-10,1335.2,-0.54,1359.0,1330.0,1331.1,4880.0,6552502.4
2024-06-09,1342.5,-2.36,1375.0,1340.2,1375.0,6087.0,8217850.4
2024-06-06,1375.0,1.55,1400.0,1338.0,1351.0,15564.0,21407071.4
2024-06-05,1354.0,0.07,1380.0,1336.1,1356.0,6017.0,8157781.4
2024-06-04,1353.0,0.22,1375.0,1335.0,1360.0,5358.0,7298138.9
2024-06-03,1350.0,3.29,1370.0,1300.2,1333.0,10506.0,13885107.7
2024-06-02,1307.0,-0.91,1322.0,1300.0,1322.0,12208.0,15970209.4
2024-05-30,1319.0,-3.79,1369.0,1315.0,1369.0,16692.0,22216209.7
2024-05-29,1371.0,-2.07,1410.0,1370.0,1399.0,8845.0,12255812.5
2024-05-27,1400.0,0.79,1421.0,1365.0,1365.0,8230.0,11513938.8
2024-05-26,1389.0,-1.35,1425.0,1385.3,1410.0,6685.0,9351108.4
2024-05-22,1408.0,-1.54,1455.0,1383.8,1430.0,11960.0,16926054.1
2024-05-21,1430.0,0.35,1448.0,1404.0,1415.1,7175.0,10281260.7
2024-05-20,1425.0,-1.72,1503.0,1418.0,1440.0,17837.0,26112985.0
2024-05-19,1450.0,-1.36,1500.0,1426.0,1499.4,22867.0,33283407.9
2024-05-16,1470.0,6.52,1500.0,1381.2,1381.2,48847.0,71373087.7
2024-05-15,1380.0,0.0,1445.0,1375.0,1380.0,17479.0,24690773.0
2024-05-14,1380.0,5.59,1380.9,1291.0,1291.0,20659.0,27944760.5
2024-05-13,1307.0,-0.08,1334.0,1282.1,1334.0,4510.0,5856836.6
2024-05-12,1308.0,-0.68,1319.9,1298.0,1319.0,3262.0,4253733.5
2024-05-09,1317.0,-0.6,1325.0,1303.4,1304.0,5136.0,6742468.3
2024-05-08,1325.0,1.38,1341.0,1281.0,1281.0,6882.0,9160684.4
2024-05-07,1307.0,0.85,1315.0,1270.1,1270.1,3973.0,5181841.7
2024-05-06,1296.0,-2.56,1320.0,1294.0,1303.4,4336.0,5642157.5
2024-05-05,1330.0,-0.3,1365.0,1327.0,1334.0,7653.0,10275195.6
2024-05-02,1334.0,2.62,1353.0,1300.0,1305.0,8713.0,11643774.7
2024-04-30,1300.0,1.56,1305.6,1270.0,1280.0,5183.0,6685678.3
2024-04-29,1280.0,-0.49,1290.0,1280.0,1287.0,3869.0,4962407.4
2024-04-28,1286.3,-0.28,1301.0,1278.0,1290.0,3683.0,4738941.2
2024-04-25,1289.9,0.73,1295.0,1280.5,1280.5,2769.0,3561237.9
2024-04-24,1280.5,-0.81,1300.0,1280.0,1291.0,3151.0,4066352.5
2024-04-22,1291.0,0.08,1310.0,1290.0,1290.0,4389.0,5691286.0
2024-04-21,1290.0,-0.01,1298.0,1285.0,1290.1,2997.0,3869682.6
2024-04-18,1290.1,-1.44,1335.1,1269.1,1335.1,3839.0,4992713.8
2024-04-16,1309.0,-0.98,1320.0,1300.0,1305.0,3494.0,4565022.2
2024-04-15,1322.0,0.53,1350.0,1301.0,1301.0,3840.0,5099174.4
2024-04-14,1315.0,-0.3,1321.0,1295.0,1300.2,5986.0,7812207.5
2024-04-10,1319.0,-1.57,1338.0,1315.0,1335.0,5258.0,6967038.4
2024-04-09,1340.0,-1.54,1385.0,1330.0,1370.0,6953.0,9363392.1
2024-04-07,1361.0,0.36,1395.0,1350.0,1356.0,9619.0,13189948.5
2024-04-04,1356.1,1.43,1377.0,1335.0,1337.0,8246.0,11175976.3
2024-04-03,1337.0,1.67,1350.0,1320.0,1320.0,5931.0,7957176.7
2024-04-02,1315.0,1.39,1326.0,1290.1,1300.0,3781.0,4968636.3
2024-04-01,1297.0,-0.46,1305.0,1290.0,1300.0,3088.0,4007230.3
2024-03-31,1303.0,-1.0,1318.0,1296.1,1315.0,3799.0,4950539.5
2024-03-28,1316.2,-0.59,1350.0,1315.2,1350.0,4103.0,5421318.3
2024-03-27,1324.0,-1.05,1344.0,1315.0,1338.0,6060.0,8025934.0
2024-03-26,1338.0,-0.89,1354.0,1338.0,1350.1,4885.0,6567635.2
2024-03-25,1350.0,-1.89,1377.0,1342.0,1376.0,2683.0,3629714.3
2024-03-21,1376.0,-1.71,1399.4,1370.0,1372.0,4690.0,6459532.0
2024-03-20,1400.0,3.63,1425.0,1355.0,1370.0,15122.0,21053454.2
2024-03-19,1351.0,0.82,1370.0,1345.0,1366.0,3683.0,5000112.5
2024-03-18,1340.0,-1.56,1385.0,1337.0,1362.0,3114.0,4209677.4
2024-03-17,1361.2,-0.64,1369.0,1333.5,1350.0,5258.0,7118531.0
2024-03-14,1370.0,-4.2,1450.0,1367.0,1450.0,9827.0,13631759.8
2024-03-13,1430.0,2.14,1480.0,1420.0,1428.0,13197.0,19034184.4
2024-03-12,1400.0,6.46,1400.0,1341.0,1341.3,11117.0,15314704.6
2024-03-10,1315.0,4.37,1330.0,1265.0,1265.0,7978.0,10472577.1
2024-03-07,1260.0,0.8,1290.0,1260.0,1270.0,2271.0,2885701.3
2024-03-06,1250.0,0.4,1268.0,1225.0,1268.0,2432.0,3018525.4
2024-03-05,1245.0,0.46,1285.0,1235.0,1264.0,3799.0,4744748.2
2024-03-04,1239.3,2.0,1239.3,1239.3,1239.3,10.0,12393.0
2024-03-03,1215.0,-1.22,1230.0,1209.0,1230.0,1855.0,2261605.0
2024-02-29,1230.0,-2.38,1259.0,1219.0,1236.1,2893.0,3567168.9
2024-02-28,1260.0,2.44,1280.1,1221.7,1221.8,2364.0,2939444.8
2024-02-27,1230.0,0.74,1236.9,1205.0,1215.0,1789.0,2187053.3
2024-02-26,1221.0,-1.29,1239.0,1218.0,1229.0,3276.0,4009738.0
2024-02-25,1237.0,-1.28,1250.0,1230.1,1243.0,3277.0,4056760.2
2024-02-22,1253.1,-1.02,1270.0,1245.2,1266.0,2822.0,3535424.7
2024-02-21,1266.0,-0.86,1290.0,1256.0,1290.0,2328.0,2958986.5
2024-02-20,1277.0,0.47,1280.0,1260.0,1260.0,2384.0,3020248.4
2024-02-18,1271.0,-1.47,1295.0,1270.0,1275.0,4185.0,5345252.8
2024-02-15,1290.0,-1.15,1310.0,1286.0,1305.0,2433.0,3151157.5
2024-02-14,1305.0,0.38,1305.0,1291.0,1300.0,1327.0,1725135.3
2024-02-13,1300.0,-1.52,1330.0,1300.0,1330.0,2570.0,3355037.2
2024-02-12,1320.0,0.68,1329.5,1284.9,1284.9,1675.0,2200274.1
2024-02-11,1311.1,-0.6,1335.0,1311.0,1320.2,3042.0,4020108.1
2024-02-08,1319.0,-0.08,1329.0,1305.5,1329.0,2133.0,2806113.5
2024-02-07,1320.0,0.3,1320.0,1310.0,1310.0,1711.0,2252860.4
2024-02-06,1316.0,0.08,1330.0,1313.1,1316.0,3432.0,4516261.1
2024-02-05,1315.0,1.23,1333.0,1299.0,1299.0,3912.0,5157191.8
2024-02-04,1299.0,-1.81,1349.4,1299.0,1349.4,3928.0,5163101.0
2024-02-01,1323.0,-1.26,1337.3,1320.0,1337.2,2723.0,3611199.1
2024-01-31,1339.9,-0.6,1355.0,1330.0,1350.0,2146.0,2865424.6
2024-01-30,1348.0,-0.52,1355.0,1330.1,1330.1,2781.0,3746950.5
2024-01-29,1355.0,0.39,1355.0,1341.1,1350.0,4204.0,5666371.6
2024-01-28,1349.8,-0.01,1360.0,1341.5,1351.0,2122.0,2857242.0
2024-01-25,1350.0,0.0,1360.0,1336.0,1350.0,4338.0,5851825.8
2024-01-24,1350.0,0.15,1390.0,1341.0,1369.0,2010.0,2724007.0
2024-01-23,1348.0,0.52,1350.0,1340.0,1341.5,2221.0,2986556.3
2024-01-22,1341.0,-1.76,1371.0,1340.1,1345.0,3302.0,4452729.0
2024-01-21,1365.0,-1.44,1395.0,1361.0,1380.0,3900.0,5374162.9
2024-01-18,1385.0,-1.56,1400.0,1361.0,1400.0,3971.0,5496822.6
2024-01-17,1407.0,-1.33,1460.0,1407.0,1454.0,5849.0,8428584.5
2024-01-16,1426.0,3.41,1439.0,1387.0,1387.0,6314.0,8958953.8
2024-01-14,1379.0,2.15,1387.0,1360.0,1360.0,3746.0,5164233.6
2024-01-11,1350.0,0.36,1370.0,1347.9,1365.0,2116.0,2866687.7
2024-01-10,1345.1,1.39,1365.0,1340.0,1353.1,3504.0,4735166.9
2024-01-09,1326.6,-0.26,1365.0,1323.2,1335.0,4201.0,5621598.1
2024-01-08,1330.0,-0.3,1346.0,1321.0,1335.0,3500.0,4647907.7
2024-01-07,1334.0,-2.27,1365.0,1328.0,1360.0,4477.0,6025161.7
2024-01-04,1365.0,-0.29,1393.0,1365.0,1372.0,4129.0,5669664.5
2024-01-03,1369.0,3.55,1395.0,1335.1,1348.4,7189.0,9776878.0
2024-01-02,1507.1,2.04,1520.0,1490.0,1501.0,13973.0,21009666.9
2024-01-01,1477.0,1.86,1500.0,1460.0,1470.0,5147.0,7638189.2
2023-12-28,1450.0,-0.68,1465.0,1437.0,1442.0,3770.0,5441414.1
2023-12-27,1460.0,-1.55,1500.0,1460.0,1483.0,4556.0,6722097.7
2023-12-24,1483.0,-2.69,1530.0,1480.0,1530.0,7107.0,10656265.6
2023-12-21,1524.0,-2.31,1565.0,1520.0,1560.0,6668.0,10236284.5
2023-12-20,1560.0,0.01,1590.0,1545.0,1585.0,7032.0,11011036.6
2023-12-19,1559.9,4.27,1606.0,1515.0,1515.0,11465.0,17825197.1
2023-12-18,1496.0,10.0,1496.0,1387.2,1387.2,13303.0,19638546.4
2023-12-17,1360.0,1.95,1360.0,1315.0,1336.0,3861.0,5189577.1
2023-12-14,1334.0,-0.82,1343.5,1330.0,1331.0,1577.0,2106333.4
2023-12-13,1345.0,0.07,1380.0,1340.0,1341.0,3464.0,4709754.7
2023-12-12,1344.0,0.67,1355.0,1330.0,1351.0,2408.0,3239279.3
2023-12-11,1335.0,4.12,1360.0,1300.0,1307.8,7751.0,10308577.1
2023-12-10,1282.2,4.03,1282.2,1257.1,1257.1,20.0,25393.0
2023-12-07,1232.5,0.78,1244.0,1215.0,1215.0,2471.0,3033022.2
2023-12-06,1223.0,-0.89,1234.0,1218.1,1234.0,2226.0,2720465.4
2023-12-05,1234.0,-0.96,1250.0,1226.5,1246.0,1264.0,1560695.9
2023-12-04,1246.0,-0.04,1250.0,1235.0,1235.0,1718.0,2134189.6
2023-12-03,1246.5,-0.52,1270.0,1244.0,1260.1,1914.0,2394085.4
2023-11-30,1253.0,-1.49,1288.0,1251.2,1288.0,1735.0,2185756.3
2023-11-29,1272.0,0.08,1274.0,1265.0,1265.1,900.0,1143446.1
2023-11-28,1271.0,-0.08,1288.0,1270.0,1270.0,1204.0,1532404.5
2023-11-27,1272.0,0.08,1295.0,1270.0,1270.0,1238.0,1582056.7
2023-11-26,1271.0,-0.08,1278.0,1260.0,1260.0,3066.0,3892623.6
2023-11-23,1272.0,0.24,1275.0,1253.0,1254.0,1278.0,1613730.1
2023-11-22,1269.0,1.51,1275.0,1230.0,1230.0,2417.0,3045405.8
2023-11-21,1250.1,-3.84,1325.0,1250.1,1325.0,3258.0,4141664.7
2023-11-20,1300.0,-2.69,1362.0,1295.0,1362.0,2109.0,2748942.7
2023-11-09,1336.0,0.07,1349.0,1327.0,1327.0,816.0,1091514.0
2023-11-08,1335.0,0.75,1349.0,1322.1,1340.0,916.0,1218065.6
2023-11-07,1325.0,0.45,1335.0,1320.0,1325.0,1299.0,1723558.5
2023-11-06,1319.0,0.3,1335.0,1303.0,1325.0,1593.0,2100466.3
2023-11-05,1315.0,-1.13,1330.0,1305.0,1305.0,1753.0,2312321.6
2023-11-02,1330.0,0.22,1346.0,1320.0,1321.0,1860.0,2470885.1
2023-11-01,1327.1,-1.11,1345.0,1327.1,1345.0,2026.0,2703508.4
2023-10-31,1342.0,-0.81,1356.6,1330.0,1330.0,702.0,945408.0
2023-10-30,1353.0,-0.88,1366.0,1323.0,1338.1,1468.0,1972791.6
2023-10-29,1365.0,0.0,1365.0,1320.0,1340.0,1463.0,1963882.8
2023-10-19,1365.0,0.74,1385.0,1360.0,1360.0,1327.0,1822894.4
2023-10-18,1355.0,1.26,1370.0,1336.0,1338.2,942.0,1279779.7
2023-10-17,1338.2,0.47,1360.0,1336.0,1340.0,1282.0,1719933.9
2023-10-16,1332.0,-1.33,1349.0,1311.2,1345.0,2160.0,2864859.9
2023-10-12,1350.0,-0.66,1362.0,1350.0,1353.0,2428.0,3280730.3
2023-10-11,1359.0,-0.29,1369.0,1350.2,1350.2,1668.0,2271744.0
2023-10-10,1363.0,-0.73,1375.0,1360.0,1361.0,2242.0,3060087.9
2023-10-09,1373.0,-0.29,1385.0,1356.0,1365.0,1456.0,1997066.8
2023-10-08,1377.0,-1.08,1385.0,1375.0,1382.0,3984.0,5484009.1
2023-10-05,1392.0,-0.5,1419.9,1390.0,1410.0,2339.0,3275136.9
2023-10-04,1399.0,1.16,1402.0,1376.0,1376.0,1899.0,2647572.8
2023-10-03,1383.0,-0.86,1400.0,1380.5,1398.0,1521.0,2113481.1
2023-10-02,1395.0,-0.04,1400.0,1376.5,1376.5,2098.0,2909110.0
2023-10-01,1395.5,-0.46,1402.0,1380.3,1400.0,1960.0,2729111.4
2023-09-27,1402.0,-0.6,1425.0,1400.2,1412.0,1549.0,2183956.6
2023-09-26,1410.5,-0.95,1446.0,1410.0,1420.0,1751.0,2491818.7
2023-09-25,1424.0,-0.21,1428.0,1415.0,1415.0,1607.0,2283819.3
2023-09-24,1427.0,0.13,1440.0,1400.1,1420.0,2267.0,3241853.1
2023-09-21,1425.1,1.14,1458.0,1412.0,1420.0,2581.0,3676169.5
2023-09-19,1409.0,0.71,1409.0,1390.0,1395.0,1953.0,2724400.4
2023-09-18,1399.0,-0.43,1433.0,1392.0,1433.0,1152.0,1614207.9
2023-09-17,1405.0,-0.71,1460.0,1390.0,1410.0,3342.0,4733189.4
2023-09-13,1415.0,-0.27,1430.0,1402.0,1430.0,1377.0,1945389.3
2023-09-12,1418.9,0.99,1425.0,1400.0,1405.0,1846.0,2592307.6
2023-09-11,1405.0,1.37,1405.0,1377.0,1380.0,1747.0,2438701.3
2023-09-10,1386.0,-0.07,1407.6,1380.0,1387.0,1906.0,2644500.0
2023-09-07,1387.0,-1.0,1400.0,1380.0,1400.0,2818.0,3911594.1
2023-09-05,1401.0,-0.64,1410.0,1396.0,1400.0,1605.0,2247666.1
2023-09-04,1410.0,0.64,1422.9,1391.1,1401.0,1374.0,1937203.7
2023-09-03,1401.0,-1.41,1421.0,1400.0,1421.0,3178.0,4458017.5
2023-08-30,1421.0,0.35,1425.0,1410.0,1415.0,1452.0,2059793.5
2023-08-29,1416.0,-0.98,1430.0,1416.0,1416.0,1385.0,1965996.6
2023-08-28,1430.0,0.71,1438.0,1417.0,1420.0,1658.0,2359147.0
2023-08-27,1419.9,-1.12,1440.0,1415.0,1436.0,1793.0,2548951.5
2023-08-24,1436.0,-1.03,1458.0,1430.0,1435.0,1797.0,2591251.8
2023-08-23,1451.0,1.75,1451.0,1426.0,1426.0,1935.0,2783616.2
2023-08-22,1426.0,0.21,1440.0,1412.0,1423.0,1255.0,1786031.2
2023-08-21,1423.0,0.07,1430.0,1404.0,1422.0,1354.0,1917156.9
2023-08-20,1422.0,-0.91,1440.0,1400.0,1435.0,1950.0,2764513.7
2023-08-17,1435.0,-1.78,1451.9,1405.0,1431.8,4545.0,6514868.2
2023-08-16,1461.0,-1.29,1480.1,1452.0,1480.0,2636.0,3853909.5
2023-08-15,1480.1,-0.74,1499.3,1475.0,1475.0,3006.0,4456789.7
2023-08-14,1491.1,-0.26,1515.0,1490.0,1515.0,4123.0,6162717.4
2023-08-13,1495.0,-0.53,1515.0,1490.0,1515.0,2432.0,3644430.8
2023-08-10,1503.0,0.13,1530.0,1501.0,1501.0,2026.0,3073253.2
2023-08-09,1501.0,1.42,1509.6,1475.0,1485.0,2175.0,3228631.8
2023-08-08,1480.0,-1.67,1508.0,1476.0,1495.0,2968.0,4422895.9
2023-08-07,1505.1,-0.72,1515.0,1491.0,1500.0,2713.0,4076957.2
2023-08-06,1516.0,-0.98,1556.0,1512.0,1533.0,2593.0,3969010.5
2023-08-03,1531.0,-0.26,1559.9,1525.1,1530.0,2304.0,3538007.3
2023-08-02,1535.0,-0.38,1542.0,1520.0,1540.9,1714.0,2623869.6
2023-08-01,1540.9,-0.81,1580.0,1533.7,1553.0,2148.0,3338885.8
2023-07-31,1553.5,-0.22,1570.0,1530.2,1560.0,3663.0,5718525.0
2023-07-30,1557.0,-2.01,1600.0,1557.0,1600.0,3684.0,5778940.1
2023-07-27,1589.0,-1.91,1625.0,1570.0,1625.0,4937.0,7873995.7
2023-07-26,1620.0,0.0,1689.0,1600.1,1620.0,2943.0,4778586.2
2023-07-25,1620.0,-2.7,1665.0,1620.0,1665.0,4933.0,8058356.4
2023-07-24,1665.0,-1.01,1690.0,1663.1,1682.0,4331.0,7243142.5
2023-07-23,1682.0,1.08,1697.0,1650.0,1664.0,4266.0,7169005.8
2023-07-20,1664.0,0.24,1683.0,1626.8,1626.8,3988.0,6603176.4
2023-07-19,1660.0,-0.12,1664.0,1645.0,1662.0,3382.0,5593114.9
2023-07-18,1662.0,1.65,1670.0,1640.0,1660.0,4355.0,7230403.3
2023-07-17,1635.0,2.18,1635.0,1597.0,1605.0,3426.0,5552716.8
2023-07-16,1600.1,-0.49,1620.0,1590.2,1608.0,3874.0,6200397.0
2023-07-13,1608.0,0.12,1637.0,1606.0,1620.0,3007.0,4873334.0
2023-07-12,1606.0,0.94,1619.0,1591.0,1591.0,3371.0,5426607.4
2023-07-11,1591.0,-0.56,1605.0,1586.0,1600.0,2683.0,4277864.9
2023-07-10,1600.0,0.44,1633.0,1595.0,1595.0,4168.0,6727720.3
2023-07-09,1593.0,2.43,1610.0,1580.1,1585.0,5428.0,8659950.7
2023-07-06,1555.2,0.34,1565.0,1540.0,1551.0,4559.0,7079070.2
2023-07-05,1550.0,-3.43,1610.0,1549.0,1610.0,6074.0,9575884.4
2023-07-04,1605.0,0.63,1626.0,1590.0,1596.0,4027.0,6453666.9
2023-07-03,1595.0,-2.55,1677.0,1590.0,1611.0,7331.0,11863917.8
2023-07-02,1636.7,-6.58,1750.0,1630.0,1750.0,8830.0,14831759.5
2023-06-28,1752.0,0.17,1879.0,1750.0,1783.9,12819.0,23079098.0
2023-06-27,1749.0,10.0,1749.0,1590.0,1590.0,12253.0,20766492.4
2023-06-26,1590.0,1.92,1604.0,1560.0,1565.0,4176.0,6612012.8
2023-06-25,1560.0,1.95,1561.0,1531.0,1535.0,4653.0,7179472.8
2023-06-22,1530.1,-1.61,1579.8,1530.1,1555.2,3656.0,5642162.9
2023-06-21,1555.2,-0.94,1594.0,1515.0,1594.0,4491.0,6980342.3
2023-06-20,1570.0,-1.2,1600.0,1570.0,1590.0,3388.0,5379777.8
2023-06-19,1589.0,-0.63,1629.0,1575.0,1629.0,4389.0,6972632.5
2023-06-18,1599.0,0.69,1615.0,1560.0,1580.0,4348.0,6945434.8
2023-06-15,1588.0,-0.25,1623.0,1560.2,1596.0,4340.0,6902787.8
2023-06-14,1592.0,5.43,1610.0,1520.0,1535.0,9703.0,15377733.9
2023-06-13,1510.0,1.0,1514.0,1475.0,1496.0,3765.0,5661840.0
2023-06-12,1495.0,1.01,1510.0,1475.0,1500.0,2935.0,4384763.3
2023-06-11,1480.0,0.68,1490.0,1443.4,1443.4,3163.0,4657066.7
2023-06-08,1470.0,0.0,1480.0,1441.0,1470.0,2771.0,4071253.2
2023-06-07,1470.0,0.75,1485.0,1460.0,1485.0,2043.0,2992294.4
2023-06-06,1459.0,1.32,1475.0,1440.0,1440.0,2261.0,3299941.5
2023-06-05,1440.0,-0.07,1475.0,1440.0,1450.0,2486.0,3616168.9
2023-06-04,1441.0,1.62,1450.0,1420.0,1420.0,2306.0,3312885.4
2023-06-01,1418.0,-0.84,1440.0,1410.0,1430.0,2921.0,4149798.4
2023-05-31,1430.0,-1.04,1470.0,1397.0,1420.0,2428.0,3487186.8
2023-05-30,1445.0,-4.3,1491.0,1445.0,1491.0,4183.0,6101376.4
2023-05-28,1510.0,0.67,1544.0,1500.0,1500.0,5629.0,8582630.0
2023-05-24,1500.0,2.04,1507.0,1461.1,1480.0,3358.0,5000337.9
2023-05-23,1470.0,3.09,1472.9,1435.0,1445.0,2874.0,4180675.8
2023-05-22,1426.0,1.12,1428.0,1411.0,1415.0,1938.0,2753746.5
2023-05-21,1410.2,-0.69,1455.0,1410.0,1421.0,2682.0,3821185.0
2023-05-18,1420.0,2.08,1425.0,1401.0,1418.8,2368.0,3357057.1
2023-05-17,1391.0,1.53,1400.0,1369.0,1370.0,913.0,1271518.2
2023-05-16,1370.1,-0.72,1390.0,1353.0,1353.0,1581.0,2169209.9
2023-05-15,1380.0,0.0,1380.0,1360.1,1360.1,2047.0,2801781.9
2023-05-14,1380.0,-0.65,1400.0,1375.0,1400.0,2175.0,3001410.6
2023-05-11,1389.0,-0.57,1394.0,1372.0,1372.0,1139.0,1579629.7
2023-05-10,1397.0,0.07,1452.3,1395.0,1423.9,1860.0,2602462.8
2023-05-09,1396.0,0.14,1400.0,1371.2,1390.0,2458.0,3423496.5
2023-05-08,1394.0,-0.85,1407.0,1380.0,1407.0,2267.0,3156549.6
2023-05-07,1406.0,-0.99,1430.0,1406.0,1420.0,1841.0,2600573.0
2023-05-04,1420.0,0.42,1440.0,1410.0,1410.0,1346.0,1916753.5
2023-05-03,1414.0,-0.42,1420.0,1400.0,1400.0,1840.0,2603635.1
2023-05-02,1420.0,-0.49,1430.0,1415.0,1430.0,1033.0,1468430.0
2023-04-30,1427.0,-0.23,1456.0,1426.1,1430.3,2011.0,2886227.8
2023-04-27,1430.3,-0.67,1446.0,1416.8,1417.0,2372.0,3403629.1
2023-04-26,1440.0,-0.69,1460.0,1422.0,1422.0,3557.0,5156302.1
2023-04-25,1450.0,1.61,1450.0,1420.1,1427.0,2555.0,3677170.6
2023-04-24,1427.0,0.85,1435.0,1394.0,1394.0,1755.0,2485792.5
2023-04-23,1415.0,-2.76,1455.0,1401.6,1440.0,3516.0,5007063.2
2023-04-20,1455.1,-1.28,1503.0,1451.0,1503.0,1160.0,1698201.8
2023-04-19,1474.0,1.66,1477.9,1435.0,1445.0,3040.0,4430676.4
2023-04-18,1450.0,-1.37,1470.0,1446.1,1470.0,1235.0,1798008.6
2023-04-17,1470.2,-2.12,1510.0,1470.2,1500.0,1670.0,2486391.7
2023-04-16,1502.0,-0.2,1520.0,1475.3,1500.0,2824.0,4255141.0
2023-04-13,1505.0,0.5,1539.0,1490.1,1525.0,3973.0,6027336.9
2023-04-12,1497.5,4.57,1500.0,1432.0,1432.0,4984.0,7378120.6
2023-04-11,1432.0,1.12,1439.3,1416.0,1437.0,1692.0,2421362.8
2023-04-10,1416.1,0.08,1443.0,1409.0,1415.0,2208.0,3135751.9
2023-04-09,1415.0,-0.35,1425.0,1403.0,1421.0,3249.0,4602571.4
2023-04-06,1420.0,-0.5,1448.0,1420.0,1430.0,3831.0,5470312.1
2023-04-05,1427.2,-0.06,1434.0,1415.0,1415.0,1769.0,2522965.8
2023-04-04,1428.0,0.56,1450.0,1405.0,1440.0,3350.0,4770505.4
2023-04-03,1420.0,-1.18,1455.0,1402.0,1455.0,5295.0,7520638.9
2023-04-02,1437.0,4.87,1479.0,1397.6,1397.6,10839.0,15694692.3
2023-03-30,1566.0,-2.43,1618.8,1528.0,1572.9,13607.0,21412999.2
2023-03-29,1605.0,1.26,1645.0,1570.0,1600.0,6657.0,10717966.4
2023-03-28,1585.1,6.45,1629.9,1489.0,1489.0,11934.0,18830529.2
2023-03-27,1489.0,-2.68,1530.0,1377.0,1530.0,33422.0,47033529.4
2023-03-26,1530.0,-10.0,1670.0,1530.0,1670.0,4254.0,6521443.7
2023-03-23,1700.0,-3.69,1750.0,1695.5,1750.0,8426.0,14388354.2
2023-03-22,1765.1,-1.83,1820.0,1765.0,1820.0,6808.0,12132489.4
2023-03-20,1798.0,-1.75,1855.0,1795.1,1830.0,7906.0,14338912.1
2023-03-19,1830.0,-2.66,1900.0,1829.0,1850.6,6222.0,11536063.2
2023-03-16,1880.1,-1.57,1935.0,1880.0,1918.0,6451.0,12206875.7
2023-03-15,1910.0,-1.39,1935.0,1901.0,1924.1,3707.0,7100004.2
2023-03-14,1937.0,-0.97,1965.0,1926.0,1956.0,3684.0,7162759.4
2023-03-13,1956.0,-1.86,1995.0,1955.0,1980.0,2683.0,5275354.0
2023-03-12,1993.0,0.0,2031.0,1985.0,2005.0,4376.0,8743129.7
2023-03-09,1993.0,3.8,1995.0,1950.2,1957.0,4146.0,8210897.6
2023-03-07,1920.0,-0.83,1960.0,1900.0,1901.0,7325.0,14167640.5
2023-03-05,1936.0,-3.15,1999.0,1925.1,1999.0,9866.0,19183673.4
2023-03-02,1999.0,-4.49,2070.0,1996.0,2070.0,8673.0,17433510.3
2023-03-01,2093.0,-3.46,2125.0,2090.0,2125.0,8755.0,18403655.2
2023-02-28,2168.0,-0.05,2200.0,2128.0,2160.0,9880.0,21422904.6
2023-02-27,2169.0,-1.86,2250.0,2096.0,2215.0,15255.0,33465182.6
2023-02-26,2210.0,4.94,2268.0,1896.0,2065.0,35107.0,69628678.5
2023-02-23,2106.0,-10.0,2295.1,2106.0,2295.1,27531.0,58183306.0
2023-02-22,2340.0,-4.99,2420.0,2280.1,2415.0,21054.0,49249384.5
2023-02-20,2463.0,-9.15,2657.0,2450.0,2656.8,26277.0,65555300.6
2023-02-16,2711.0,-1.06,2750.0,2701.0,2740.0,3689.0,10008169.7
2023-02-15,2740.0,0.0,2794.0,2730.5,2780.0,3248.0,8918162.2
2023-02-14,2739.9,-0.15,2753.0,2725.1,2750.0,2484.0,6800756.7
2023-02-12,2744.0,-2.0,2800.0,2700.0,2800.0,4102.0,11294571.7
2023-02-09,2800.0,0.9,2830.5,2731.0,2731.0,2253.0,6277822.7
2023-02-08,2775.0,-0.18,2860.0,2770.0,2830.0,4460.0,12500662.4
2023-02-07,2780.0,2.32,2780.0,2720.0,2750.0,3369.0,9279189.8
2023-02-06,2717.0,-0.73,2740.0,2700.0,2737.0,4422.0,11976267.5
2023-02-05,2737.0,-0.83,2780.0,2725.0,2771.0,4817.0,13271457.9
2023-02-02,2760.0,0.33,2790.0,2750.0,2751.0,2482.0,6852719.9
2023-02-01,2751.0,-0.33,2800.0,2745.0,2800.0,2791.0,7676696.3
2023-01-31,2760.0,-1.25,2800.0,2760.0,2780.0,4039.0,11190868.1
2023-01-30,2795.0,-1.93,2870.0,2793.5,2793.5,4884.0,13773079.2
2023-01-29,2850.0,0.18,2875.0,2845.0,2846.0,5044.0,14392730.7
2023-01-26,2845.0,0.18,2870.0,2840.0,2840.0,3041.0,8687058.1
2023-01-25,2840.0,0.0,2870.0,2810.0,2840.0,5340.0,15223954.9
2023-01-24,2840.0,-1.56,2895.0,2788.2,2895.0,7225.0,20434024.2
2023-01-23,2885.0,-0.86,2932.0,2884.0,2931.0,6869.0,19962154.1
2023-01-19,2910.0,-0.75,2990.6,2900.0,2990.6,7279.0,21268976.2
2023-01-18,2932.0,0.76,2968.2,2920.0,2968.2,6991.0,20533032.1
2023-01-17,2910.0,0.7,2930.0,2900.0,2900.0,9195.0,26774069.7
2023-01-12,2889.9,1.19,2963.0,2874.0,2913.0,13840.0,40105374.1
2023-01-10,2856.0,-1.01,2930.0,2850.0,2885.0,10687.0,30852092.8
2023-01-09,2885.0,0.17,2900.0,2845.0,2880.0,7621.0,21979167.4
2023-01-08,2880.0,-0.07,2920.0,2843.0,2890.0,10739.0,31096676.4
2023-01-05,2882.0,1.73,2888.9,2852.1,2880.0,9992.0,28753198.8
2023-01-04,2833.0,2.09,2835.0,2775.0,2783.0,8388.0,23514538.5
2023-01-03,2775.0,0.18,2809.9,2770.0,2770.0,4291.0,11954150.5
2023-01-02,2770.0,0.36,2789.0,2745.0,2770.0,4034.0,11185497.3
2023-01-01,2760.0,-0.18,2815.0,2750.0,2808.0,7409.0,20624449.7
2022-12-29,2765.0,1.17,2770.0,2701.2,2702.0,4024.0,11042075.5
2022-12-28,2733.0,-0.98,2770.0,2720.1,2760.0,3250.0,8919720.7
2022-12-27,2760.0,0.18,2800.0,2740.0,2799.0,8021.0,22216574.3
2022-12-26,2755.0,2.04,2849.0,2709.1,2710.0,5188.0,14260909.3
2022-12-22,2700.0,0.33,2700.0,2641.0,2641.0,2836.0,7581576.4
2022-12-21,2691.0,-0.41,2749.0,2685.0,2702.0,4102.0,11109506.8
2022-12-20,2702.0,2.19,2713.0,2650.0,2695.0,4409.0,11854312.7
2022-12-19,2644.0,-0.71,2665.0,2627.0,2650.1,3081.0,8142470.4
2022-12-18,2663.0,-1.48,2710.0,2661.0,2700.0,2848.0,7655174.5
2022-12-15,2703.0,-0.99,2745.0,2700.0,2710.0,2932.0,7939780.3
2022-12-14,2730.0,-0.22,2750.0,2711.0,2711.0,1952.0,5334912.7
2022-12-13,2736.0,0.96,2750.0,2705.0,2710.0,1603.0,4383363.0
2022-12-12,2710.0,-0.84,2760.0,2696.0,2750.0,3329.0,9020605.7
2022-12-11,2733.0,-1.41,2780.0,2719.0,2772.0,3864.0,10586779.1
2022-12-07,2772.0,-0.47,2815.0,2757.0,2757.0,2311.0,6425722.2
2022-12-06,2785.0,-0.64,2802.9,2756.0,2800.0,2960.0,8243082.9
2022-12-05,2802.9,-2.0,2880.0,2801.0,2860.0,4268.0,12059030.4
2022-12-04,2860.0,-0.66,2910.0,2840.0,2879.0,6288.0,18121288.3
2022-12-01,2879.0,-0.24,2930.0,2870.0,2930.0,7450.0,21471777.5
2022-11-30,2886.0,-0.17,2898.0,2850.0,2850.0,6323.0,18138764.0
2022-11-29,2891.0,-0.14,2900.0,2840.0,2895.0,6107.0,17518894.7
2022-11-28,2895.0,2.66,2930.0,2840.0,2840.0,12529.0,36205901.1
2022-11-27,2820.0,7.43,2830.0,2650.0,2650.0,14930.0,41707589.1
2022-11-24,2625.0,0.69,2638.0,2590.0,2607.0,2357.0,6178349.0
2022-11-23,2607.0,-1.47,2650.0,2601.0,2642.0,1970.0,5162950.0
2022-11-22,2646.0,-0.6,2695.0,2612.0,2660.0,3029.0,8047690.0
2022-11-17,2662.0,1.1,2684.0,2635.0,2635.0,2834.0,7525465.0
2022-11-16,2633.0,0.92,2660.0,2605.0,2660.0,1562.0,4100739.3
2022-11-15,2609.0,-0.61,2677.5,2605.0,2650.0,2412.0,26090.0
2022-11-15,2609.0,-0.61,2677.5,2605.0,2650.0,2412.0,6301071.6
2022-11-14,2625.0,0.96,2625.0,2560.0,2560.0,1972.0,25600.0
2022-11-13,2600.0,-1.37,2650.0,2550.0,2600.1,4247.0,25910.0
2022-11-13,2600.0,-1.37,2650.0,2550.0,2600.1,4247.0,26000.0
2022-11-13,2600.0,-1.37,2650.0,2550.0,2600.1,4247.0,52000.0
2022-11-13,2600.0,-1.37,2650.0,2550.0,2600.1,4247.0,44200.0
2022-11-13,2600.0,-1.37,2650.0,2550.0,2600.1,4247.0,11063714.7
2022-11-13,2600.0,-1.37,2650.0,2550.0,2600.1,4247.0,10959604.7
2022-11-10,2636.0,-1.65,2690.0,2622.0,2690.0,4557.0,12036950.0
2022-11-09,2680.1,-2.61,2770.0,2680.0,2750.0,5228.0,14235454.0
2022-11-08,2752.0,-1.36,2840.0,2750.1,2795.0,4442.0,12353822.4
2022-11-07,2790.0,-0.92,2894.0,2790.0,2820.0,9216.0,26184369.8
2022-11-06,2816.0,7.98,2843.0,2660.1,2660.1,8966.0,24535217.3
2022-11-03,2608.0,-1.58,2651.0,2602.0,2650.0,2176.0,5711269.0
2022-11-02,2650.0,2.32,2653.0,2570.0,2570.0,3934.0,10337815.0
2022-11-01,2590.0,2.53,2590.0,2515.0,2520.0,2557.0,6533871.0
2022-10-31,2526.0,0.04,2540.0,2516.0,2520.0,3334.0,8420086.2
2022-10-23,2525.0,1.12,2535.0,2480.0,2480.0,1163.0,2924321.5
2022-10-20,2497.0,0.28,2500.0,2470.0,2490.0,1725.0,4299112.9
2022-10-19,2490.0,-0.48,2510.0,2485.0,2503.0,2023.0,5042334.3
2022-10-17,2502.0,-0.08,2529.0,2500.0,2504.0,2370.0,5940234.1
2022-10-16,2504.0,-0.44,2565.3,2500.0,2565.3,2959.0,7426275.7
2022-10-13,2515.0,-0.98,2550.0,2510.0,2545.0,2436.0,6153561.2
2022-10-12,2540.0,0.4,2570.0,2490.0,2490.1,1658.0,4194294.0
2022-10-11,2530.0,-1.13,2560.0,2520.0,2550.0,1995.0,5045062.6
2022-10-10,2559.0,-1.35,2600.0,2555.0,2562.0,2719.0,6997093.4
2022-10-09,2594.0,1.73,2601.0,2549.0,2601.0,2441.0,6311884.0
2022-09-29,2550.0,2.74,2551.0,2450.0,2450.0,3018.0,7637732.8
2022-09-28,2482.1,0.9,2490.0,2455.0,2460.0,1508.0,3737418.3
2022-09-27,2460.0,0.78,2478.0,2435.0,2440.0,2223.0,5445910.6
2022-09-25,2441.0,-1.17,2480.0,2430.0,2480.0,2840.0,6935754.4
2022-09-22,2470.0,-0.48,2490.0,2460.0,2485.0,2388.0,5902647.9
2022-09-21,2482.0,1.06,2515.0,2452.0,2452.0,2935.0,7289569.6
2022-09-20,2456.0,-2.5,2520.0,2450.1,2520.0,5541.0,13650969.5
2022-09-18,2519.0,-0.43,2540.0,2500.0,2502.0,3557.0,8939685.1
2022-09-16,2530.0,-2.5,2550.0,2450.0,2543.1,6246.0,15721383.5
2022-09-15,2595.0,-2.59,2700.0,2592.0,2660.0,4787.0,12539081.5
2022-09-14,2664.0,2.26,2664.0,2605.0,2605.0,4086.0,10797310.2
2022-09-13,2605.0,1.01,2620.0,2560.0,2570.0,3116.0,8115010.9
2022-09-12,2579.0,-0.31,2595.0,2565.0,2587.0,3878.0,9985300.0
2022-09-11,2587.0,-0.12,2610.0,2565.1,2590.0,2064.0,5349827.9
2022-09-08,2590.0,-0.15,2620.0,2575.0,2594.1,2881.0,7453012.4
2022-09-07,2594.0,-0.73,2614.0,2590.0,2614.0,3053.0,7919182.5
2022-09-06,2613.0,-0.95,2690.7,2603.2,2690.7,2804.0,7343694.2
2022-09-05,2638.0,0.23,2650.0,2633.0,2650.0,2278.0,6022540.9
2022-09-04,2632.0,0.46,2659.0,2620.0,2650.0,3096.0,8179138.9
2022-09-02,2620.0,0.11,2645.0,2595.0,2595.0,1602.0,4212680.9
2022-09-01,2648.5,0.7,2649.5,2600.0,2610.0,3005.0,8533672.3
2022-08-31,2630.0,-0.94,2660.0,2622.0,2660.0,2611.0,6878450.4
2022-08-30,2655.0,0.08,2688.0,2644.0,2660.0,3231.0,8594210.9
2022-08-29,2653.0,0.23,2699.0,2630.0,2699.0,3167.0,8392800.7
2022-08-28,2647.0,-1.82,2740.0,2644.0,2740.0,6178.0,16485168.3
2022-08-26,2696.0,-0.52,2711.0,2690.0,2710.0,2854.0,7705833.6
2022-08-25,2710.0,-0.55,2779.5,2700.0,2779.5,5367.0,14604297.2
2022-08-24,2725.0,-0.33,2775.0,2715.0,2725.0,5311.0,14462822.5
2022-08-23,2734.0,-0.08,2789.0,2720.0,2720.0,3010.0,8224731.4
2022-08-22,2736.1,-0.69,2770.0,2705.0,2755.0,3306.0,9056187.4
2022-08-21,2755.0,-0.22,2814.9,2750.0,2814.9,3716.0,10278854.4
2022-08-18,2761.0,1.32,2780.0,2725.0,2775.0,4271.0,11780870.9
2022-08-17,2725.0,-0.37,2750.0,2720.0,2735.0,4424.0,12099957.7
2022-08-16,2735.0,-1.43,2819.0,2730.0,2800.0,6958.0,19269369.0
2022-08-15,2774.8,1.86,2775.0,2700.0,2725.0,6436.0,17743983.3
2022-08-14,2724.0,-0.58,2760.0,2710.0,2710.0,6738.0,18492111.7
2022-08-11,2740.0,-0.54,2800.0,2740.0,2750.0,6032.0,16651519.9
2022-08-10,2755.0,0.51,2775.0,2720.0,2775.0,5581.0,15312847.7
2022-08-09,2741.0,-3.35,2879.9,2741.0,2837.0,9993.0,27790287.3
2022-08-08,2836.0,-0.67,2912.0,2813.0,2855.0,8682.0,24791798.3
2022-08-07,2855.0,0.92,2865.0,2796.0,2830.0,12872.0,36527464.3
2022-08-05,2829.0,-3.41,2920.0,2825.0,2920.0,9285.0,26619438.7
2022-08-04,2929.0,-0.78,2985.0,2920.0,2980.0,18601.0,54891939.5
2022-08-03,2952.0,1.55,2989.9,2940.0,2940.0,20674.0,61409170.6
2022-08-02,2907.0,0.94,2928.0,2830.0,2830.0,13142.0,38091691.4
2022-08-01,2880.0,-1.06,2962.0,2857.0,2962.0,8087.0,23441867.3
2022-07-31,2911.0,1.96,2920.0,2860.0,2900.0,11222.0,32408620.2
2022-07-29,2855.0,-0.21,2918.0,2840.0,2861.0,2633.0,7536870.3
2022-07-28,2861.0,0.39,2950.0,2849.0,2907.0,11565.0,33380504.6
2022-07-27,2850.0,1.68,2850.0,2765.0,2790.0,8581.0,24037435.2
2022-07-26,2803.0,-0.95,2883.0,2800.0,2830.0,8662.0,24530434.2
2022-07-25,2830.0,2.91,2830.0,2790.0,2800.0,10288.0,26261564.5
2022-07-24,2750.0,1.25,2770.0,2717.0,2770.0,7403.0,20292736.2
2022-07-22,2716.0,-1.09,2746.0,2692.0,2746.0,3052.0,8280329.5
2022-07-21,2746.0,-0.36,2765.0,2730.0,2730.0,4808.0,13217902.4
2022-07-20,2756.0,0.55,2783.0,2730.0,2740.0,3659.0,10096224.4
2022-07-19,2741.0,1.56,2770.0,2699.0,2699.0,7412.0,20348993.7
2022-07-18,2699.0,0.15,2709.9,2680.0,2709.9,3600.0,9704273.1
2022-07-17,2695.0,-0.15,2730.0,2690.0,2700.0,6483.0,17539662.8
2022-07-15,2699.0,-0.04,2750.0,2671.1,2750.0,1966.0,5298836.2
2022-07-14,2700.0,0.26,2750.0,2671.5,2740.0,4558.0,12308350.3
2022-07-13,2693.0,2.2,2700.0,2636.0,2687.0,6423.0,17158221.8
2022-07-12,2635.0,-0.19,2690.0,2615.0,2690.0,7642.0,20151033.1
2022-07-11,2639.9,-3.48,2700.0,2637.0,2700.0,9533.0,25294204.7
2022-07-08,2735.0,-1.26,2790.0,2735.0,2750.0,3847.0,10558972.2
2022-07-07,2770.0,-0.89,2870.0,2770.0,2795.0,5998.0,16743581.0
2022-07-06,2795.0,-0.21,2801.0,2750.0,2780.0,5999.0,16639639.9
2022-07-05,2801.0,-3.25,2890.0,2795.0,2838.0,12612.0,35784857.0
2022-07-04,2895.0,-1.93,3000.0,2836.0,2892.9,26396.0,77311292.4
2022-07-03,2951.9,2.0,2951.9,2862.0,2920.0,4721.0,13842993.0
2022-07-01,2894.0,-0.38,2925.0,2880.0,2891.0,2463.0,7143192.0
2022-06-30,2905.0,3.01,2919.0,2848.0,2870.0,4179.0,12082735.0
2022-06-29,2820.0,0.89,2830.0,2751.0,2751.0,2035.0,5706444.0
2022-06-28,2795.0,-1.24,2819.0,2760.0,2810.0,1328.0,3701926.0
2022-06-27,2830.0,0.32,2950.0,2820.0,2821.0,4708.0,13543337.5
2022-06-26,2821.0,6.05,2821.9,2660.0,2660.0,3498.0,9788790.3
2022-06-24,2660.0,-0.26,2700.0,2564.0,2615.0,2357.0,6168892.0
2022-06-23,2667.0,-3.19,2710.0,2655.0,2700.1,3550.0,9511215.7
2022-06-22,2755.0,-0.68,2790.0,2721.0,2775.0,1773.0,4888803.0
2022-06-21,2774.0,1.79,2775.0,2681.0,2700.0,1426.0,3910582.7
2022-06-20,2725.1,-2.15,2730.0,2700.0,2730.0,3077.0,8345406.2
2022-06-19,2785.0,-0.54,2830.0,2760.4,2830.0,1467.0,4089161.9
2022-06-17,2800.0,0.18,2849.0,2800.0,2849.0,719.0,2016724.0
2022-06-16,2795.0,1.45,2825.0,2700.1,2700.1,1464.0,4086837.2
2022-06-15,2755.0,-1.61,2820.0,2745.0,2800.0,3078.0,8490577.5
2022-06-14,2800.0,-1.23,2830.0,2795.0,2800.0,2975.0,8346617.4
2022-06-13,2835.0,-0.53,2850.1,2800.6,2850.1,1853.0,5243661.7
2022-06-10,2850.0,-0.36,2860.0,2815.0,2860.0,1600.0,4541215.0
2022-06-09,2860.3,-0.34,2970.0,2820.0,2870.0,2356.0,6846634.8
2022-06-08,2870.0,2.49,2915.0,2790.0,2790.0,2454.0,6965044.2
2022-06-07,2800.2,-0.88,2848.9,2800.0,2800.0,1802.0,5064234.2
2022-06-06,2825.0,0.96,2905.0,2800.0,2849.0,2179.0,6162482.0
2022-06-03,2798.0,-1.48,2830.0,2784.0,2784.0,2534.0,7086556.0
2022-06-02,2840.0,-0.32,2899.8,2840.0,2843.0,2202.0,6282989.7
2022-06-01,2849.0,0.18,2895.0,2840.0,2892.0,1680.0,4794616.8
2022-05-31,2844.0,-1.25,2880.0,2830.0,2852.0,2540.0,7259655.0
2022-05-30,2880.0,-1.74,2950.0,2880.0,2930.0,2329.0,6750117.5
2022-05-27,2931.1,0.0,2950.0,2931.0,2940.0,1706.0,5009193.6
2022-05-26,2931.0,0.48,2974.0,2930.0,2974.0,1075.0,3156740.0
2022-05-25,2917.0,0.45,2930.0,2900.0,2904.0,1781.0,5200719.8
2022-05-24,2904.0,0.14,2920.0,2868.1,2880.0,1801.0,5242477.7
2022-05-23,2899.9,-0.91,2950.0,2892.0,2926.0,3343.0,9703244.0
2022-05-20,2926.5,-0.36,2993.0,2921.0,2993.0,1102.0,3237003.9
2022-05-19,2937.0,-0.44,3000.0,2915.1,2927.0,1438.0,4245259.0
2022-05-18,2950.0,0.48,2965.0,2903.1,2903.1,2691.0,7898177.9
2022-05-17,2936.0,-2.01,3001.1,2936.0,2997.0,4079.0,12045554.0
2022-05-12,2996.1,-1.38,3095.0,2996.1,3095.0,4765.0,14444511.5
2022-05-11,3038.0,1.1,3112.0,2976.0,3005.0,5344.0,16127798.3
2022-05-10,3005.0,1.52,3010.0,2965.0,2965.0,3372.0,10116888.3
2022-05-09,2960.0,0.68,2979.0,2935.0,2960.0,3179.0,9404687.0
2022-05-08,2940.0,-0.68,2972.0,2900.0,2960.0,3624.0,10599572.0
2022-05-05,2960.0,-0.3,3000.0,2952.0,2952.0,2800.0,8294138.5
2022-05-04,2969.0,0.13,3000.0,2969.0,2999.9,3321.0,9887926.5
2022-05-02,2965.0,-0.47,2999.9,2964.0,2965.0,3689.0,10956759.8
2022-04-28,2979.0,-0.37,3000.0,2951.3,2951.3,3935.0,11744329.8
2022-04-27,2990.0,-0.17,3018.0,2951.1,2951.1,2189.0,6547347.0
2022-04-26,2995.1,-0.82,3050.0,2990.0,3020.0,2883.0,8672688.8
2022-04-25,3020.0,-0.76,3130.0,3009.0,3103.0,4405.0,13514296.9
2022-04-24,3043.0,3.15,3050.0,2980.0,3000.0,4537.0,13641693.5
2022-04-21,2950.0,-0.71,3000.0,2940.0,2971.0,6860.0,20303522.0
2022-04-20,2971.0,-0.8,3042.9,2968.0,2995.1,3091.0,9217935.5
2022-04-19,2995.0,0.54,3010.0,2960.0,2980.0,2884.0,8617974.0
2022-04-18,2979.0,-0.63,3000.0,2975.0,2998.0,3321.0,9913975.3
2022-04-17,2998.0,0.27,3048.0,2990.0,3041.0,4583.0,13759809.5
2022-04-13,2990.0,0.34,3020.0,2970.0,3000.0,4287.0,12832069.5
2022-04-12,2980.0,-0.64,3023.1,2965.0,2999.3,4581.0,13688748.0
2022-04-11,2999.3,0.31,3150.0,2990.0,3049.8,7945.0,24195279.5
2022-04-07,2990.0,1.08,3018.0,2930.2,2960.0,8192.0,24505777.7
2022-04-06,2958.0,-1.56,3000.0,2951.1,2951.1,6690.0,19871563.0
2022-04-05,3005.0,-2.12,3060.0,2985.0,3050.0,10432.0,31314769.3
2022-04-04,3070.0,-1.6,3180.0,3061.0,3180.0,6101.0,18844093.4
2022-04-03,3120.0,-2.35,3255.0,3115.1,3255.0,6587.0,20730437.1
2022-03-31,3195.0,-0.99,3280.0,3192.0,3274.0,7191.0,23187352.8
2022-03-30,3227.0,-0.55,3300.0,3150.0,3240.0,8843.0,28342664.6
2022-03-29,3245.0,-3.65,3400.0,3245.0,3400.0,17554.0,57863472.3
2022-03-28,3368.0,2.06,3530.0,3300.0,3366.0,65274.0,222470367.3
2022-03-27,3300.0,10.0,3300.0,3060.0,3060.0,8439.0,27805899.2
2022-03-24,5100.0,-1.54,5230.0,5082.0,5200.0,59578.0,306397624.3
2022-03-23,5180.0,-0.9,5230.0,5152.0,5230.0,16198.0,84023336.6
2022-03-22,5227.0,0.52,5260.0,5200.0,5200.0,15398.0,80552771.2
2022-03-21,5200.0,1.56,5242.0,5117.0,5120.0,17558.0,90644542.9
2022-03-20,5120.0,2.91,5160.0,5000.0,5074.5,26341.0,134291681.6
2022-03-16,4975.0,0.5,4980.0,4930.0,4950.0,6932.0,34407191.5
2022-03-15,4950.2,-0.9,5009.0,4950.0,5000.0,9037.0,44939118.3
2022-03-14,4995.0,-0.79,5035.0,4970.0,5000.0,2811.0,14067133.0
2022-03-13,5035.0,1.15,5050.0,4990.0,5020.0,12685.0,63842651.8
2022-03-10,4978.0,0.57,4998.0,4920.0,4949.0,8621.0,42874954.7
2022-03-09,4949.9,1.45,4950.0,4865.0,4900.0,12579.0,61564294.4
2022-03-07,4879.0,0.18,4900.0,4870.0,4900.0,9481.0,46297879.2
2022-03-06,4870.0,0.91,4875.0,4800.0,4874.0,13597.0,66017315.0
2022-03-02,4826.0,-2.05,4950.0,4820.0,4927.0,17003.0,82491738.9
2022-02-28,4927.0,-1.04,5049.0,4900.0,5049.0,15702.0,77584844.8
2022-02-27,4979.0,0.2,5050.0,4969.0,4969.0,14759.0,73678761.7
2022-02-24,4969.0,-2.09,5078.0,4960.0,5075.0,28087.0,140305147.8
2022-02-23,5075.0,0.06,5170.0,5070.0,5170.0,13761.0,69976770.9
2022-02-22,5072.0,0.0,5147.9,5058.0,5072.0,21980.0,112262528.8
2022-02-21,5072.0,-1.19,5235.6,5001.0,5235.6,51133.0,260323845.7
2022-02-20,5133.0,3.49,5368.0,5059.2,5059.2,111344.0,580223450.0
2022-02-17,4960.0,3.53,4989.9,4788.0,4800.0,45468.0,223736197.4
2022-02-16,4791.0,-0.81,4900.0,4704.0,4850.0,18774.0,89962434.8
2022-02-15,4830.0,6.5,4858.0,4537.0,4600.0,27934.0,132875631.5
2022-02-14,4535.0,1.41,4590.0,4483.0,4500.0,10205.0,46303396.3
2022-02-13,4472.0,-3.31,4550.0,4450.0,4550.0,11619.0,52181284.3
2022-02-10,4625.0,-0.49,4687.0,4620.0,4650.0,8275.0,38319277.8
2022-02-09,4648.0,-1.11,4794.0,4648.0,4794.0,8380.0,39276780.2
2022-02-08,4700.0,0.73,4899.0,4650.1,4759.3,18269.0,86713274.9
2022-02-07,4666.0,-0.32,4700.0,4610.0,4610.0,6477.0,30260971.3
2022-02-06,4681.0,-1.76,4721.0,4651.0,4700.0,13520.0,63323281.0
2022-02-03,4765.0,-2.08,4950.0,4740.0,4900.0,17003.0,81885968.2
2022-02-01,4866.0,1.67,4960.0,4785.0,4785.0,26282.0,127979385.6
2022-01-31,4786.1,5.42,4850.0,4503.0,4560.0,37478.0,177546314.4
2022-01-30,4540.0,2.65,4601.0,4471.0,4511.4,9883.0,44820449.9
2022-01-27,4423.0,0.14,4450.0,4405.0,4444.0,5658.0,25092142.5
2022-01-26,4417.0,-0.74,4500.0,4365.0,4455.0,6955.0,30638076.0
2022-01-25,4450.0,-0.13,4510.0,4401.0,4457.0,7069.0,31528432.0
2022-01-24,4456.0,-3.34,4630.0,4415.0,4605.0,13849.0,62311821.6
2022-01-23,4610.0,0.24,4689.0,4590.0,4689.0,12437.0,57527485.4
2022-01-20,4599.0,1.52,4600.0,4511.0,4520.0,9193.0,41863150.8
2022-01-19,4530.0,-0.88,4650.0,4525.0,4525.0,13077.0,59740450.9
2022-01-18,4570.0,-1.42,4699.0,4561.0,4635.0,11426.0,52847750.2
2022-01-17,4636.0,-0.3,4735.0,4600.0,4700.0,11292.0,52466864.0
2022-01-16,4650.0,2.88,4710.0,4520.0,4520.0,23315.0,108592692.5
2022-01-13,4520.0,0.87,4550.0,4410.0,4410.0,11151.0,50212513.0
2022-01-12,4481.0,-1.19,4585.0,4481.0,4530.0,13114.0,59460494.9
2022-01-11,4535.0,1.23,4574.0,4455.0,4485.0,14913.0,67476081.5
2022-01-10,4480.0,0.0,4530.0,4465.0,4501.0,11635.0,52197108.9
2022-01-09,4480.0,1.36,4530.0,4422.0,4500.0,13680.0,61499222.0
2022-01-06,4420.0,0.45,4460.0,4320.0,4360.0,6775.0,29963179.1
2022-01-05,4400.0,-0.86,4460.0,4370.0,4438.0,7591.0,33501810.8
2022-01-04,4438.0,0.18,4490.0,4360.0,4430.0,8910.0,39526300.6
2022-01-03,4430.0,0.45,4535.0,4410.0,4410.0,10261.0,45908693.7
2022-01-02,4410.0,0.8,4460.0,4290.0,4460.0,7580.0,33405140.4
2021-12-29,4375.0,-0.52,4470.0,4322.0,4470.0,6020.0,26289964.0
2021-12-28,4398.0,0.99,4500.0,4200.0,4355.0,7715.0,33445707.5
2021-12-27,4355.1,-5.01,4600.0,4350.0,4600.0,28160.0,124375575.8
2021-12-26,4585.0,1.93,4600.0,4445.0,4587.0,21274.0,96420091.0
2021-12-23,4498.0,9.07,4536.4,3961.2,4150.0,31063.0,135538142.6
2021-12-22,4124.0,5.74,4125.0,3960.0,3960.0,10913.0,44437498.9
2021-12-21,3900.0,0.05,3960.0,3865.0,3865.0,5824.0,22719055.0
2021-12-20,3897.9,2.28,3900.0,3740.0,3811.0,4330.0,16581974.0
2021-12-16,3811.0,-2.28,3852.0,3790.0,3823.0,4498.0,17147827.5
2021-12-15,3900.0,0.15,4043.0,3817.2,3971.8,11402.0,45025584.8
2021-12-14,3894.0,8.11,3926.0,3650.0,3674.0,5788.0,21989037.0
2021-12-13,3602.0,-5.38,3750.0,3590.0,3750.0,15050.0,54956735.2
2021-12-12,3807.0,-3.72,4000.0,3800.0,3978.0,8937.0,34725754.7
2021-12-09,3954.0,-0.95,4020.0,3915.0,4000.0,11093.0,43930853.5
2021-12-08,3992.0,-2.16,4100.0,3990.1,4085.0,6215.0,25000813.3
2021-12-07,4080.0,-0.61,4210.0,4080.0,4149.0,5919.0,24475131.9
2021-12-06,4105.0,-0.85,4150.0,4000.0,4061.0,14209.0,57781832.6
2021-12-05,4140.0,-3.54,4290.0,4100.0,4290.0,12306.0,51386586.6
2021-12-02,4292.1,-0.3,4425.0,4273.0,4310.0,6020.0,26002319.0
2021-12-01,4305.0,0.23,4365.0,4300.0,4302.0,5560.0,24016501.0
2021-11-30,4295.0,-0.35,4331.0,4252.0,4252.0,4468.0,19208313.0
2021-11-29,4310.0,-1.06,4415.0,4291.0,4357.0,5851.0,25382921.0
2021-11-28,4356.1,-2.22,4445.0,4301.0,4380.0,10618.0,46599787.1
2021-11-25,4455.0,0.41,4500.0,4410.0,4438.0,6430.0,28713458.0
2021-11-24,4437.0,-0.85,4450.0,4400.0,4400.0,6925.0,30644472.4
2021-11-23,4475.0,-1.93,4563.0,4440.0,4500.0,11717.0,52751917.0
2021-11-22,4563.0,-0.02,4600.0,4550.0,4550.0,7693.0,35109066.0
2021-11-21,4564.0,0.31,4610.0,4475.0,4475.0,8923.0,40775262.5
2021-11-18,4550.0,-0.11,4635.0,4520.0,4550.0,8631.0,39341351.0
2021-11-17,4555.0,-0.74,4645.0,4540.0,4589.0,11254.0,51751162.9
2021-11-16,4589.0,1.19,4650.0,4540.0,4625.8,8561.0,39203635.0
2021-11-15,4535.1,1.45,4549.0,4401.0,4401.0,8308.0,37535799.7
2021-11-14,4470.1,-0.66,4525.0,4390.0,4525.0,8000.0,35654090.5
2021-11-11,4500.0,0.22,4564.0,4351.0,4500.0,11172.0,50233379.0
2021-11-09,4490.0,-2.81,4615.0,4480.0,4600.0,14468.0,65455774.5
2021-11-08,4620.0,-2.08,4720.0,4577.0,4700.0,12820.0,59568053.5
2021-11-03,4718.0,0.92,4860.0,4650.0,4700.0,11572.0,54392402.4
2021-11-02,4675.0,-0.53,4750.0,4614.0,4700.0,9543.0,44464279.5
2021-11-01,4700.0,-2.39,4840.0,4675.0,4815.0,15108.0,71270893.2
2021-10-31,4815.0,-1.33,4975.0,4705.0,4900.0,15823.0,76622031.6
2021-10-28,4880.0,8.57,4895.0,4435.0,4435.0,38874.0,184402892.5
2021-10-27,4495.0,-0.11,4551.0,4420.0,4500.0,9663.0,43338412.6
2021-10-26,4500.0,0.85,4610.0,4470.0,4470.0,12162.0,55001539.0
2021-10-25,4462.0,2.69,4500.0,4345.0,4400.0,13434.0,59432452.3
2021-10-24,4345.0,1.0,4380.0,4280.0,4350.0,7632.0,33120674.5
2021-10-21,4302.0,-0.88,4400.0,4256.0,4340.0,7581.0,32739345.7
2021-10-20,4340.0,2.6,4449.0,4261.0,4311.0,7143.0,30984299.0
2021-10-19,4230.0,-3.64,4304.0,4159.0,4302.2,14490.0,65141666.6
2021-10-18,4390.0,-4.88,4707.3,4350.0,4707.3,14859.0,66180938.0
2021-10-17,4615.0,1.45,4650.0,4501.0,4501.0,6832.0,31285014.4
2021-10-11,4549.0,-3.11,4785.0,4420.0,4785.0,20121.0,91111444.1
2021-10-10,4695.0,9.5,4716.0,4373.4,4373.4,39706.0,183883905.4
2021-10-06,4287.7,6.66,4360.0,4100.0,4100.0,17512.0,74574373.5
2021-10-05,4020.0,3.85,4045.0,3900.0,3900.0,11213.0,44764009.1
2021-10-04,3871.0,-0.29,3970.0,3800.0,3860.0,9261.0,35880029.5
2021-10-03,3882.1,-2.95,4015.0,3880.0,4010.0,7638.0,29923651.0
2021-09-30,4000.1,-2.2,4149.5,4000.0,4100.0,9626.0,38945980.2
2021-09-29,4090.0,3.81,4090.0,3899.0,3940.0,11067.0,44001780.0
2021-09-28,3940.0,-1.79,4100.0,3940.0,3950.0,10409.0,41388378.9
2021-09-27,4012.0,-2.62,4150.0,4000.0,4120.0,9090.0,36734389.6
2021-09-26,4120.0,-3.4,4265.0,4110.0,4250.0,9047.0,37574777.0
2021-09-23,4265.0,-3.02,4489.0,4238.6,4400.0,14756.0,64373265.0
2021-09-22,4398.0,6.23,4410.0,4140.0,4140.0,21037.0,91264138.6
2021-09-21,4140.0,-0.27,4437.0,3981.0,4149.0,17138.0,70651828.4
2021-09-20,4151.1,-5.36,4420.0,4151.0,4400.0,22231.0,94439504.4
2021-09-16,4386.0,-2.75,4510.0,4360.0,4500.0,17454.0,76984303.4
2021-09-15,4510.0,-1.76,4580.0,4499.0,4526.0,12100.0,54769105.5
2021-09-14,4591.0,-1.31,4650.0,4580.0,4614.0,9328.0,42919417.0
2021-09-13,4652.0,-1.96,4798.0,4650.0,4750.0,9952.0,46624732.9
2021-09-12,4745.2,3.18,4775.0,4580.0,4580.0,16737.0,77792897.0
2021-09-09,4599.0,-1.31,4680.0,4590.0,4600.0,13102.0,60386373.0
2021-09-08,4660.0,-2.1,4850.0,4610.0,4850.0,9190.0,42850352.0
2021-09-07,4760.0,-2.86,4998.0,4680.0,4998.0,11413.0,54374215.9
2021-09-06,4900.0,7.72,4946.0,4470.0,4500.0,21268.0,99677148.0
2021-09-05,4549.0,-5.23,4800.0,4533.1,4800.0,31477.0,145127972.0
2021-09-02,4800.0,-2.46,5000.0,4790.1,5000.0,22335.0,108436347.1
2021-09-01,4921.0,1.76,5089.0,4770.1,4800.0,31824.0,154841329.2
2021-08-31,4836.0,-4.78,5079.0,4825.0,5079.0,56195.0,274154763.4
2021-08-29,5071.0,-2.46,5516.9,4802.0,5302.8,145451.0,749246159.1
2021-08-26,5198.9,10.0,5198.9,4820.8,4820.8,39086.0,203122470.9
2021-08-25,4726.3,10.0,4726.3,4382.6,4382.6,2881.0,13606336.6
2021-08-24,4296.7,10.0,4296.7,3984.2,3984.2,959.0,4110005.8
2021-08-19,3906.1,10.0,3906.1,3622.0,3622.0,548.0,2132919.3
2021-08-18,3551.0,10.0,3551.0,3292.7,3292.7,294.0,1036377.0
2021-08-17,3228.2,10.0,3228.2,2993.4,2993.4,280.0,893613.4
2021-08-16,2934.8,10.0,2934.8,2721.3,2721.3,200.0,580370.7
2021-08-15,2668.0,10.0,2668.0,2451.8,2451.8,540.0,1427091.9
2021-08-12,2425.5,10.0,2425.5,2249.1,2205.0,320.0,768414.9
2021-08-11,2205.0,10.0,2205.0,2004.6,2004.6,250.0,543906.9
2021-08-10,2004.6,10.0,2004.6,1858.8,1858.8,250.0,497575.0
2021-08-09,1822.4,10.0,1822.4,1688.8,1688.8,240.0,430418.5
2021-08-08,1656.8,10.0,1656.8,1511.7,1511.7,308.0,492721.1
2021-08-05,1506.2,10.0,1506.2,1369.3,1369.3,145.0,211095.2
2021-08-04,1369.3,9.99,1369.3,1248.8,1248.8,160.0,209036.6
2021-08-03,1244.9,9.99,1244.9,1131.8,1131.8,220.0,261929.0
2021-08-02,1131.8,4.03,1131.8,1088.0,1088.0,132.0,147817.2
2021-08-01,1088.0,10.0,1088.0,1007.7,1007.7,210.0,223780.0
2021-07-29,989.1,8.22,989.1,890.0,914.0,100.0,95257.0
